{"cameraMode":{"drawMode":0,"name":"Shaded","section":"Shading Mode"},"sceneLighting":false,"audioPlay":false,"sceneViewState":{"showFog":true,"showMaterialUpdate":false,"showSkybox":false,"showFlares":true,"showImageEffects":true,"showParticleSystems":true},"in2DMode":false,"pivot":{"x":-30.799999237060548,"y":1.524999976158142,"z":-0.4324999749660492},"rotation":{"x":-0.3350079655647278,"y":-0.536137044429779,"z":0.24426232278347016,"w":-0.7353107929229736},"size":4.232146263122559,"orthographic":false}